"business_name","website","emails"
"Beautiful Skin by Carmen","http://beautifulskinbycarmen.com",""
"Rock Star Kids","http://www.kidshaircutsforchildren.com",""
"Nail Spaz","http://nailspazorlando.com",""
"Salon De Ville","http://beautyalliance.com",""
"Orlando Institute","http://www.orlandoinstitute.com",""
"Orlando Institute-Electrolysis","http://www.orlandoinstitute.com",""
"Family Medical Center","http://www.familymc.com",""
"Sulky Dominican Salon","",""
"Loc Kingdom","http://styleseat.com/LocKingdom",""
"Final Touch Beauty Salon","",""
"Salon 1454","",""
"Mati's Hair Salon","",""
"Sharri's Virgin Brazilian Hair","",""
"Elegance Barber","",""
"Vivene hair styles","http://www.citysearch.com/profile/622804495/orlando_fl/vivene_stylez.html",""
"Lambs Eat Ivy Salon","",""
"Diva Style Hair Salon","",""
"Dolce Vita Salon","http://dolcevitaorlando.com",""
"Salon Sanfilippo","",""
"Salon Salon","http://www.salonsalonhair.com",""
"Joseph Kellner Salon","http://www.josephkellner.com",""
"Cut & Color Room","http://www.cutandcolorroom.com",""
"Hair Cuttery","https://locations.haircuttery.com/fl/orlando/465-n-alafaya-trl.html",""
"Hair Dimensions","",""
"Hair Connection","http://www.hairconnectionorlando.com",""
"Christopher Anthony Salon & Day Spa","http://www.christopheranthonysalonandspa.com",""
"Hair Dynamics West","http://www.hairdynamicswest.net",""
"Salon Salon","http://www.salonsalonhair.com",""
"Instyle Hair","http://www.instylehairorlando.com",""
"True Envy Salon","http://www.trueenvysalon.com",""
