"business","email"
"Kingsway Christian Academy","instyleofficeorlando@gmail.com"
"Montessori World School","info@montessoriworldschool.com"
"Graves Rc Hobbies","sales@gravesrc.com"
"Avalon School","katherineshafer@avalonprivateschool.com"
"Spirit Of Joy Lutheran Church-ELCA","office@spiritofjoy.org"
"Troy University","ask@troy.edu"
"National University","dataprotection@nu.edu"
"Florida College of Integrative Medicine","admissions@fcim.edu"
"College Of Engineering","info@cecs.ucf"
"Florida Christian University","info@floridachristianuniversity.edu"
